[
  {
    "slug": "deals",
    "name": "Top Deals",
    "description": "Today's best value picks across the site"
  },
  {
    "slug": "tech",
    "name": "Tech & Gadgets"
  },
  {
    "slug": "home",
    "name": "Home & Kitchen"
  },
  {
    "slug": "outdoors",
    "name": "Outdoors & Sports"
  },
  {
    "slug": "fashion",
    "name": "Fashion"
  },
  {
    "slug": "beauty",
    "name": "Beauty"
  },
  {
    "slug": "pets",
    "name": "Pets"
  },
  {
    "slug": "laptops",
    "name": "Laptops",
    "parent": "tech"
  },
  {
    "slug": "smartphones",
    "name": "Smartphones",
    "parent": "tech"
  },
  {
    "slug": "audio",
    "name": "Headphones & Audio",
    "parent": "tech"
  },
  {
    "slug": "appliances",
    "name": "Appliances",
    "parent": "home"
  },
  {
    "slug": "fitness",
    "name": "Fitness",
    "parent": "outdoors"
  },
  {
    "slug": "mens",
    "name": "Men's Fashion",
    "parent": "fashion"
  },
  {
    "slug": "womens",
    "name": "Women's Fashion",
    "parent": "fashion"
  },
  {
    "slug": "gaming",
    "name": "Gaming",
    "description": "Consoles, games, accessories, PC gear"
  },
  {
    "slug": "office",
    "name": "Office",
    "description": "Office tech, stationery, productivity"
  },
  {
    "slug": "automotive",
    "name": "Automotive",
    "description": "Car accessories, tools, maintenance"
  },
  {
    "slug": "toys",
    "name": "Toys",
    "description": "Toys, hobbies and gifts"
  }
]
